customer_id,name,gender,tel
1,Ada Abbe,Female,000-0000-0001
2,Adah Abbett,Female,000-0000-0002
3,Addyson Abbey,Female,000-0000-0003
4,Adela Abbitt,Female,000-0000-0004
5,Adele Abbot,Female,000-0000-0005
6,Adelina Abbott,Female,000-0000-0006
7,Adeline Abbs,Female,000-0000-0007
8,Adelle Abby,Female,000-0000-0008
9,Adilene Abdon,Female,000-0000-0009
10,Adria Able,Female,000-0000-0010
11,Adriane Abner,Female,000-0000-0011
12,Adrianne Abney,Female,000-0000-0012
13,Adrien Aborn,Female,000-0000-0013
14,Adriene Abrahams,Female,000-0000-0014
15,Adrina Abram,Female,000-0000-0015
16,Adyson Abrams,Female,000-0000-0016
17,Afton Abramson,Female,000-0000-0017
18,Agate Ace,Female,000-0000-0018
19,Aida Acey,Female,000-0000-0019
20,Airiana Acker,Female,000-0000-0020
21,Alberta Ackerley,Female,000-0000-0021
22,Aldora Ackerly,Female,000-0000-0022
23,Alfreda Ackerman,Female,000-0000-0023
24,Alice Ackers,Female,000-0000-0024
25,Alicen Ackert,Female,000-0000-0025
26,Alicia Ackland,Female,000-0000-0026
27,Alicja Ackley,Female,000-0000-0027
28,Alicyn Acklin,Female,000-0000-0028
29,Alina Ackroyd,Female,000-0000-0029
30,Alisha Acock,Female,000-0000-0030
31,Alishia Acomb,Female,000-0000-0031
32,Alisia Acors,Female,000-0000-0032
33,Alison Acre,Female,000-0000-0033
34,Alisyn Acreman,Female,000-0000-0034
35,Allicia Acres,Female,000-0000-0035
36,Allisha Acton,Female,000-0000-0036
37,Allison Acuff,Female,000-0000-0037
38,Allisyn Acy,Female,000-0000-0038
39,Allysen Adams,Female,000-0000-0039
40,Allyson Adcock,Female,000-0000-0040
41,Alodie Adcox,Female,000-0000-0041
42,Alonsa Addams,Female,000-0000-0042
43,Alonza Adderley,Female,000-0000-0043
44,Alvina Adderly,Female,000-0000-0044
45,Alyna Addicott,Female,000-0000-0045
46,Alyshia Addington,Female,000-0000-0046
47,Alyson Addis,Female,000-0000-0047
48,Amy Addison,Female,000-0000-0048
49,Anabel Addy,Female,000-0000-0049
50,Anabelle Ade,Female,000-0000-0050
51,Audey Adee,Female,000-0000-0051
52,Audreanne Ades,Female,000-0000-0052
53,Audree Adey,Female,000-0000-0053
54,Audrey Adgate,Female,000-0000-0054
55,Audrey Ann Adkins,Female,000-0000-0055
56,Audrey Anne Adkinson,Female,000-0000-0056
57,Audrey Maud Adley,Female,000-0000-0057
58,Audrey Maude Adney,Female,000-0000-0058
59,Audriana Adrian,Female,000-0000-0059
60,Audrianna Aduddell,Female,000-0000-0060
61,Audrie Adwell,Female,000-0000-0061
62,Audrina Ady,Female,000-0000-0062
63,Audry Afton,Female,000-0000-0063
64,Avaline Agar,Female,000-0000-0064
65,Averi Agard,Female,000-0000-0065
66,Averie Agate,Female,000-0000-0066
67,Aysia Age,Female,000-0000-0067
68,Bailee Ager,Female,000-0000-0068
69,Baileigh Agers,Female,000-0000-0069
70,Bailey Aguillard,Female,000-0000-0070
71,Baili Ailes,Female,000-0000-0071
72,Bailie Ailey,Female,000-0000-0072
73,Baillie Ailstock,Female,000-0000-0073
74,Baily Ainley,Female,000-0000-0074
75,Baleigh Ainsley,Female,000-0000-0075
76,Ellie Ainslie,Female,000-0000-0076
77,Ellisa Ainsworth,Female,000-0000-0077
78,Ellison Airey,Female,000-0000-0078
79,Elly Airington,Female,000-0000-0079
80,Ellyn Aiton,Female,000-0000-0080
81,Elmina Ake,Female,000-0000-0081
82,Elodie Akehurst,Female,000-0000-0082
83,Elva Akeley,Female,000-0000-0083
84,Elvia Akerley,Female,000-0000-0084
85,Elvie Akers,Female,000-0000-0085
86,Elvina Akes,Female,000-0000-0086
87,Elysa Akey,Female,000-0000-0087
88,Elyse Akin,Female,000-0000-0088
89,Elyssa Alan,Female,000-0000-0089
90,Emilee Alban,Female,000-0000-0090
91,Emileigh Albany,Female,000-0000-0091
92,Emiley Albert,Female,000-0000-0092
93,Emili Alberts,Female,000-0000-0093
94,Emilie Albin,Female,000-0000-0094
95,Emilly Alborn,Female,000-0000-0095
96,Emily Albright,Female,000-0000-0096
97,Emma Albro,Female,000-0000-0097
98,Emmily Albury,Female,000-0000-0098
99,Enchantra Alcock,Female,000-0000-0099
100,Eppie Alcott,Female,000-0000-0100
101,Kendal Alday,Female,000-0000-0101
102,Kendall Alden,Female,000-0000-0102
103,Kendra Alder,Female,000-0000-0103
104,Kendria Alderman,Female,000-0000-0104
105,Kendyl Alders,Female,000-0000-0105
106,Kendyll Alderson,Female,000-0000-0106
107,Kenenza Alderton,Female,000-0000-0107
108,Kenise Aldis,Female,000-0000-0108
109,Khimberly Aldous,Female,000-0000-0109
110,Kim Aldred,Female,000-0000-0110
111,Kimbalee Aldredge,Female,000-0000-0111
112,Kimber Aldrich,Female,000-0000-0112
113,Kimberlee Aldridge,Female,000-0000-0113
114,Kimberley Ale,Female,000-0000-0114
115,Kimberli Aleck,Female,000-0000-0115
116,Kimberlie Alewine,Female,000-0000-0116
117,Kimberlin Alexander,Female,000-0000-0117
118,Kimberly Aley,Female,000-0000-0118
119,Kimberlyn Alford,Female,000-0000-0119
120,Kimberlynn Alfred,Female,000-0000-0120
121,Kimmie Alfrey,Female,000-0000-0121
122,Kimmy Alger,Female,000-0000-0122
123,Kindra Algood,Female,000-0000-0123
124,Kinsey Aliff,Female,000-0000-0124
125,Kinzie Alison,Female,000-0000-0125
126,Aaron Alkins,Male,000-0000-0126
127,Abbott All,Male,000-0000-0127
128,Abel Allam,Male,000-0000-0128
129,Abner Allan,Male,000-0000-0129
130,Abraham Allanson,Male,000-0000-0130
131,Adam Allard,Male,000-0000-0131
132,Addison Allcock,Male,000-0000-0132
133,Adler Allcorn,Male,000-0000-0133
134,Adley Allday,Male,000-0000-0134
135,"Adrian, Adrien Allee",Male,000-0000-0135
136,"Aedan, Aiden Allen",Male,000-0000-0136
137,Aiken Allender,Male,000-0000-0137
138,"Alan, Allan Allenson",Male,000-0000-0138
139,Alastair Allerton,Male,000-0000-0139
140,Albern Alles,Male,000-0000-0140
141,Albert Alley,Male,000-0000-0141
142,Albion Alleyne,Male,000-0000-0142
143,Alden Allford,Male,000-0000-0143
144,Aldis Allgood,Male,000-0000-0144
145,Aldrich Allie,Male,000-0000-0145
146,Alexander Alligood,Male,000-0000-0146
147,Alfie Allin,Male,000-0000-0147
148,Alfred Alling,Male,000-0000-0148
149,Algernon Allingham,Male,000-0000-0149
150,Alston Allington,Male,000-0000-0150
151,Alton Allinson,Male,000-0000-0151
152,Alvin Allis,Male,000-0000-0152
153,Ambrose Allison,Male,000-0000-0153
154,Amery Alliston,Male,000-0000-0154
155,Amos Allman,Male,000-0000-0155
156,Andrew Allmand,Male,000-0000-0156
157,Angus Allmond,Male,000-0000-0157
158,Ansel Allnutt,Male,000-0000-0158
159,Anthony Alloway,Male,000-0000-0159
160,Archer Allport,Male,000-0000-0160
161,Archibald Allread,Male,000-0000-0161
162,Arlen Allred,Male,000-0000-0162
163,Arnold Alls,Male,000-0000-0163
164,"Arthur, Art Allsbrook",Male,000-0000-0164
165,Arvel Allsop,Male,000-0000-0165
166,Atwater Allsopp,Male,000-0000-0166
167,Atwood Allston,Male,000-0000-0167
168,Aubrey Allsup,Male,000-0000-0168
169,Austin Allton,Male,000-0000-0169
170,Avery Alltop,Male,000-0000-0170
171,Axel Allum,Male,000-0000-0171
172,Baird Allums,Male,000-0000-0172
173,Baldwin Allwood,Male,000-0000-0173
174,Barclay Ally,Male,000-0000-0174
175,Barnaby Allyn,Male,000-0000-0175
176,Baron Alman,Male,000-0000-0176
177,Barrett Almond,Male,000-0000-0177
178,Barry Almy,Male,000-0000-0178
179,Bartholomew Alred,Male,000-0000-0179
180,Basil Alridge,Male,000-0000-0180
181,Benedict Alsbrook,Male,000-0000-0181
182,Benjamin Alsbury,Male,000-0000-0182
183,Benton Alsip,Male,000-0000-0183
184,Bernard Alsobrook,Male,000-0000-0184
185,Bert Alsop,Male,000-0000-0185
186,Bevis Alston,Male,000-0000-0186
187,Blaine Alsup,Male,000-0000-0187
188,Blair Alton,Male,000-0000-0188
189,Blake Alvey,Male,000-0000-0189
190,Bond Alvin,Male,000-0000-0190
191,Boris Alvis,Male,000-0000-0191
192,Bowen Alvord,Male,000-0000-0192
193,Braden Alward,Male,000-0000-0193
194,Bradley Alway,Male,000-0000-0194
195,"Brandan, Brendan, Brendon Alwin",Male,000-0000-0195
196,Brent Alwood,Male,000-0000-0196
197,"Bret, Brett Alworth",Male,000-0000-0197
198,Brian Amason,Male,000-0000-0198
199,Brice Amber,Male,000-0000-0199
200,Brigham Amberson,Male,000-0000-0200
201,Brock Ambler,Male,000-0000-0201
202,Broderick Ambrose,Male,000-0000-0202
203,Brooke Ament,Male,000-0000-0203
204,Bruce Amerson,Male,000-0000-0204
205,Bruno Ames,Male,000-0000-0205
206,Bryant Amesbury,Male,000-0000-0206
207,Buck Amey,Male,000-0000-0207
208,Bud Amis,Male,000-0000-0208
209,Burgess Amison,Male,000-0000-0209
210,Burton Ammon,Male,000-0000-0210
211,Byron Amond,Male,000-0000-0211
212,Cadman Amor,Male,000-0000-0212
213,Calvert Amory,Male,000-0000-0213
214,Caldwell Amos,Male,000-0000-0214
215,Caleb Amsden,Male,000-0000-0215
216,Calvin Anable,Male,000-0000-0216
217,Carrick Ancell,Male,000-0000-0217
218,Carl Anchors,Male,000-0000-0218
219,Carlton Anctil,Male,000-0000-0219
220,Carney Anderson,Male,000-0000-0220
221,Carroll Anderton,Male,000-0000-0221
222,Carter Andrew,Male,000-0000-0222
223,Carver Andrews,Male,000-0000-0223
224,Cary Andros,Male,000-0000-0224
225,Casey Andrus,Male,000-0000-0225
226,Casper Andry,Male,000-0000-0226
227,Cecil Aney,Male,000-0000-0227
228,Cedric Angel,Male,000-0000-0228
229,"Chad, Chadwick Anger",Male,000-0000-0229
230,Chalmers Angers,Male,000-0000-0230
231,Chandler Angevine,Male,000-0000-0231
232,Channing Angier,Male,000-0000-0232
233,Chapman Angle,Male,000-0000-0233
234,Charles Angleton,Male,000-0000-0234
235,Chatwin Angley,Male,000-0000-0235
236,Chester Anguish,Male,000-0000-0236
237,Christian Angwin,Male,000-0000-0237
238,Christopher Anker,Male,000-0000-0238
239,Clarence Ann,Male,000-0000-0239
240,Claude Annable,Male,000-0000-0240
241,"Clayton, Clay Annand",Male,000-0000-0241
242,"Clifford, Cliff Annas",Male,000-0000-0242
243,Clive Anne,Male,000-0000-0243
244,Clyde Annear,Male,000-0000-0244
245,Coleman Anness,Male,000-0000-0245
246,Colin Annis,Male,000-0000-0246
247,Collier Ansel,Male,000-0000-0247
248,Conan Ansell,Male,000-0000-0248
249,Connell Anselm,Male,000-0000-0249
250,Connor Ansley,Male,000-0000-0250
251,Conrad Anslow,Male,000-0000-0251
252,Conroy Anson,Male,000-0000-0252
253,Conway Anstead,Male,000-0000-0253
254,Corwin Ansted,Male,000-0000-0254
255,Crispin Anstey,Male,000-0000-0255
256,Crosby Antcliff,Male,000-0000-0256
257,Culbert Antell,Male,000-0000-0257
258,Culver Anthony,Male,000-0000-0258
259,Curt Antil,Male,000-0000-0259
260,Curtis Antill,Male,000-0000-0260
261,Cuthbert Antle,Male,000-0000-0261
262,Craig Antley,Male,000-0000-0262
263,Cyril Antrobus,Male,000-0000-0263
264,Maddox Apland,Male,000-0000-0264
265,Magnus Apley,Male,000-0000-0265
266,Malcolm Aplin,Male,000-0000-0266
267,Melvin Apling,Male,000-0000-0267
268,Marcus Apple,Male,000-0000-0268
269,"Mark, Marc Applebee",Male,000-0000-0269
270,Marlon Appleberry,Male,000-0000-0270
271,Martin Appleby,Male,000-0000-0271
272,Marvin Applegarth,Male,000-0000-0272
273,Matthew Applegate,Male,000-0000-0273
274,Maurice Appleton,Male,000-0000-0274
275,"Max, Maxwell Applewhite",Male,000-0000-0275
276,Medwin Appley,Male,000-0000-0276
277,Melville Appleyard,Male,000-0000-0277
278,Merlin Applin,Male,000-0000-0278
279,Michael Appling,Male,000-0000-0279
280,Milburn Apps,Male,000-0000-0280
281,Miles Apsey,Male,000-0000-0281
282,Monroe Arber,Male,000-0000-0282
283,Montague Arbon,Male,000-0000-0283
284,Montgomery Arch,Male,000-0000-0284
285,Morgan Archbold,Male,000-0000-0285
286,Morris Archdeacon,Male,000-0000-0286
287,Morton Archer,Male,000-0000-0287
288,Murray Archey,Male,000-0000-0288
289,"Nathaniel, Nathan Arden",Male,000-0000-0289
290,Neal Arendale,Male,000-0000-0290
291,Neville Arendall,Male,000-0000-0291
292,Nicholas Arey,Male,000-0000-0292
293,Nigel Arford,Male,000-0000-0293
294,Noel Argent,Male,000-0000-0294
295,Norman Arington,Male,000-0000-0295
296,Norris Arkell,Male,000-0000-0296
297,Olaf Arkwright,Male,000-0000-0297
298,Olin Arledge,Male,000-0000-0298
299,Oliver Arling,Male,000-0000-0299
300,Orson Arlington,Male,000-0000-0300
301,Oscar Cobbs,Male,000-0000-0301
302,Oswald Cobern,Male,000-0000-0302
303,Otis Cobey,Male,000-0000-0303
304,Owen Coble,Male,000-0000-0304
305,Paul Cobleigh,Male,000-0000-0305
306,Paxton Cobler,Male,000-0000-0306
307,"Percival, Percy Coburn",Male,000-0000-0307
308,Perry Coby,Male,000-0000-0308
309,Peter Cockayne,Male,000-0000-0309
310,Peyton Cockburn,Male,000-0000-0310
311,Philbert Cockcroft,Male,000-0000-0311
312,Philip Cocke,Male,000-0000-0312
313,Phineas Cocker,Male,000-0000-0313
314,Pierce Cockerell,Male,000-0000-0314
315,Quade Cockerham,Male,000-0000-0315
316,Quenby Cockerill,Male,000-0000-0316
317,Quillan Cockett,Male,000-0000-0317
318,Quimby Cockey,Male,000-0000-0318
319,Quentin Cockfield,Male,000-0000-0319
320,Quinby Cocking,Male,000-0000-0320
321,Quincy Cocklin,Male,000-0000-0321
322,Quinlan Cockman,Male,000-0000-0322
323,Quinn Cockrell,Male,000-0000-0323
324,Ralph Cockrill,Male,000-0000-0324
325,Ramsey Cockroft,Male,000-0000-0325
326,Randolph Cocks,Male,000-0000-0326
327,Raymond Codd,Male,000-0000-0327
328,Reginald Coddington,Male,000-0000-0328
329,Renfred Code,Male,000-0000-0329
330,Rex Codling,Male,000-0000-0330
331,Rhett Codner,Male,000-0000-0331
332,Richard Codrington,Male,000-0000-0332
333,Ridley Coe,Male,000-0000-0333
334,Riley Coey,Male,000-0000-0334
335,"Robert, Robin Coffer",Male,000-0000-0335
336,Roderick Coffield,Male,000-0000-0336
337,Rodney Coffin,Male,000-0000-0337
338,Roger Coffing,Male,000-0000-0338
339,Roland Cofield,Male,000-0000-0339
340,Rolf Cogar,Male,000-0000-0340
341,Ronald Cogbill,Male,000-0000-0341
342,Rory Cogburn,Male,000-0000-0342
343,Ross Cogdell,Male,000-0000-0343
344,Roswell Cogdill,Male,000-0000-0344
345,Roy Cogger,Male,000-0000-0345
346,Royce Coggeshall,Male,000-0000-0346
347,Rufus Coghill,Male,000-0000-0347
348,Rupert Cogswell,Male,000-0000-0348
349,Russell Coiner,Male,000-0000-0349
350,Ryan Coit,Male,000-0000-0350
